{"moduleName":null,"summaries":[{"symbol":{"__symbol":0,"members":[]},"metadata":{"__symbolic":"class","members":{"option":[{"__symbolic":"property","decorators":[{"__symbolic":"call","expression":{"__symbol":1,"members":[]}}]}],"messageEvent":[{"__symbolic":"property","decorators":[{"__symbolic":"call","expression":{"__symbol":2,"members":[]}}]}],"__ctor__":[{"__symbolic":"constructor"}],"ngOnInit":[{"__symbolic":"method"}],"getData":[{"__symbolic":"method"}],"selectAll":[{"__symbolic":"method"}],"unSelectAll":[{"__symbolic":"method"}],"updateSelection":[{"__symbolic":"method"}],"clear":[{"__symbolic":"method"}],"delete":[{"__symbolic":"method"}]}},"type":{"summaryKind":1,"type":{"reference":{"__symbol":0,"members":[]},"diDeps":[],"lifecycleHooks":[0]},"isComponent":true,"selector":"app-dropdown","exportAs":null,"inputs":{"option":"option"},"outputs":{"messageEvent":"messageEvent"},"hostListeners":{},"hostProperties":{},"hostAttributes":{},"providers":[],"viewProviders":[],"queries":[],"guards":{},"viewQueries":[],"entryComponents":[],"changeDetection":1,"template":{"ngContentSelectors":[],"encapsulation":0},"componentViewType":{"__symbol":3,"members":[]},"rendererType":{"__symbol":4,"members":[]},"componentFactory":{"__symbol":5,"members":[]}}}],"symbols":[{"__symbol":0,"name":"DropdownComponent","filePath":"./dropdown.component"},{"__symbol":1,"name":"Input","filePath":"@angular/core"},{"__symbol":2,"name":"Output","filePath":"@angular/core"},{"__symbol":3,"name":"View_DropdownComponent_0","filePath":"./dropdown.component.ngfactory"},{"__symbol":4,"name":"RenderType_DropdownComponent","filePath":"./dropdown.component.ngfactory"},{"__symbol":5,"name":"DropdownComponentNgFactory","filePath":"./dropdown.component.ngfactory"}]}