[{"__symbolic":"module","version":4,"metadata":{"DropdownComponent":{"__symbolic":"class","decorators":[{"__symbolic":"call","expression":{"__symbolic":"reference","module":"@angular/core","name":"Component","line":2,"character":1},"arguments":[{"selector":"app-dropdown","templateUrl":"./dropdown.component.html","styleUrls":["./dropdown.component.css"]}]}],"members":{"option":[{"__symbolic":"property","decorators":[{"__symbolic":"call","expression":{"__symbolic":"reference","module":"@angular/core","name":"Input","line":13,"character":3}}]}],"messageEvent":[{"__symbolic":"property","decorators":[{"__symbolic":"call","expression":{"__symbolic":"reference","module":"@angular/core","name":"Output","line":14,"character":3}}]}],"__ctor__":[{"__symbolic":"constructor"}],"ngOnInit":[{"__symbolic":"method"}],"getData":[{"__symbolic":"method"}],"selectAll":[{"__symbolic":"method"}],"unSelectAll":[{"__symbolic":"method"}],"updateSelection":[{"__symbolic":"method"}],"clear":[{"__symbolic":"method"}],"delete":[{"__symbolic":"method"}]}}}}]