{"moduleName":null,"summaries":[{"symbol":{"__symbol":0,"members":[]},"metadata":{"__symbol":1,"members":[]}},{"symbol":{"__symbol":2,"members":[]},"metadata":{"__symbol":3,"members":[]}},{"symbol":{"__symbol":4,"members":[]},"metadata":{"__symbol":5,"members":[]}}],"symbols":[{"__symbol":0,"name":"multiSingleDropDownModule","filePath":"./index"},{"__symbol":1,"name":"multiSingleDropDownModule","filePath":"./src/app/multiSingleDropDown/multiSingleDropDown.module"},{"__symbol":2,"name":"SearchPipe","filePath":"./index"},{"__symbol":3,"name":"SearchPipe","filePath":"./src/app/multiSingleDropDown/pipe/search.pipe"},{"__symbol":4,"name":"DropdownComponent","filePath":"./index"},{"__symbol":5,"name":"DropdownComponent","filePath":"./src/app/multiSingleDropDown/dropdown/dropdown.component"}]}