[{"__symbolic":"module","version":4,"metadata":{"multiSingleDropDownModule":{"__symbolic":"class","decorators":[{"__symbolic":"call","expression":{"__symbolic":"reference","module":"@angular/core","name":"NgModule","line":7,"character":1},"arguments":[{"imports":[{"__symbolic":"reference","module":"@angular/common","name":"CommonModule","line":9,"character":4},{"__symbolic":"reference","module":"@angular/forms","name":"FormsModule","line":10,"character":4}],"declarations":[{"__symbolic":"reference","module":"./dropdown/dropdown.component","name":"DropdownComponent","line":12,"character":18},{"__symbolic":"reference","module":"./pipe/search.pipe","name":"SearchPipe","line":12,"character":37}],"exports":[{"__symbolic":"reference","module":"./dropdown/dropdown.component","name":"DropdownComponent","line":14,"character":6},{"__symbolic":"reference","module":"./pipe/search.pipe","name":"SearchPipe","line":14,"character":25}]}]}]}}}]