{"moduleName":null,"summaries":[{"symbol":{"__symbol":0,"members":[]},"metadata":{"__symbolic":"class"},"type":{"summaryKind":2,"type":{"reference":{"__symbol":0,"members":[]},"diDeps":[],"lifecycleHooks":[]},"entryComponents":[],"providers":[{"provider":{"token":{"identifier":{"reference":{"__symbol":1,"members":[]}}},"useClass":{"reference":{"__symbol":2,"members":[]},"diDeps":[{"isAttribute":false,"isHost":false,"isSelf":false,"isSkipSelf":false,"isOptional":false,"token":{"identifier":{"reference":{"__symbol":3,"members":[]}}}},{"isAttribute":false,"isHost":false,"isSelf":false,"isSkipSelf":false,"isOptional":true,"token":{"identifier":{"reference":{"__symbol":4,"members":[]}}}}],"lifecycleHooks":[]},"useFactory":null,"deps":[{"isAttribute":false,"isHost":false,"isSelf":false,"isSkipSelf":false,"isOptional":false,"token":{"identifier":{"reference":{"__symbol":3,"members":[]}}}},{"isAttribute":false,"isHost":false,"isSelf":false,"isSkipSelf":false,"isOptional":true,"token":{"identifier":{"reference":{"__symbol":4,"members":[]}}}}],"multi":false},"module":{"reference":{"__symbol":5,"members":[]},"diDeps":[],"lifecycleHooks":[]}},{"provider":{"token":{"identifier":{"reference":{"__symbol":6,"members":[]},"diDeps":[],"lifecycleHooks":[]}},"useClass":{"reference":{"__symbol":6,"members":[]},"diDeps":[],"lifecycleHooks":[]},"useFactory":null,"deps":[],"multi":false},"module":{"reference":{"__symbol":7,"members":[]},"diDeps":[],"lifecycleHooks":[]}}],"modules":[{"reference":{"__symbol":5,"members":[]},"diDeps":[],"lifecycleHooks":[]},{"reference":{"__symbol":8,"members":[]},"diDeps":[],"lifecycleHooks":[]},{"reference":{"__symbol":7,"members":[]},"diDeps":[],"lifecycleHooks":[]},{"reference":{"__symbol":0,"members":[]},"diDeps":[],"lifecycleHooks":[]}],"exportedDirectives":[{"reference":{"__symbol":9,"members":[]}}],"exportedPipes":[{"reference":{"__symbol":10,"members":[]}}]}}],"symbols":[{"__symbol":0,"name":"multiSingleDropDownModule","filePath":"./multiSingleDropDown.module"},{"__symbol":1,"name":"NgLocalization","filePath":"@angular/common"},{"__symbol":2,"name":"NgLocaleLocalization","filePath":"@angular/common"},{"__symbol":3,"name":"LOCALE_ID","filePath":"@angular/core"},{"__symbol":4,"name":"ɵangular_packages_common_common_a","filePath":"@angular/common"},{"__symbol":5,"name":"CommonModule","filePath":"@angular/common"},{"__symbol":6,"name":"ɵangular_packages_forms_forms_i","filePath":"@angular/forms"},{"__symbol":7,"name":"FormsModule","filePath":"@angular/forms"},{"__symbol":8,"name":"ɵangular_packages_forms_forms_bb","filePath":"@angular/forms"},{"__symbol":9,"name":"DropdownComponent","filePath":"./dropdown/dropdown.component"},{"__symbol":10,"name":"SearchPipe","filePath":"./pipe/search.pipe"}]}